{
  "cardboard": {
    "precision": 0.8716417910447761,
    "recall": 0.8768768768768769,
    "f1-score": 0.874251497005988,
    "support": 333
  },
  "glass": {
    "precision": 0.9,
    "recall": 0.864,
    "f1-score": 0.8816326530612244,
    "support": 375
  },
  "metal": {
    "precision": 0.8333333333333334,
    "recall": 0.9265175718849841,
    "f1-score": 0.8774583963691378,
    "support": 313
  },
  "paper": {
    "precision": 0.8364116094986808,
    "recall": 0.9109195402298851,
    "f1-score": 0.8720770288858322,
    "support": 348
  },
  "plastic": {
    "precision": 0.8708708708708709,
    "recall": 0.8430232558139535,
    "f1-score": 0.8567208271787298,
    "support": 344
  },
  "trash": {
    "precision": 0.8888888888888888,
    "recall": 0.7893333333333333,
    "f1-score": 0.8361581920903954,
    "support": 375
  },
  "accuracy": 0.8663793103448276,
  "macro avg": {
    "precision": 0.866857748939425,
    "recall": 0.8684450963565055,
    "f1-score": 0.8663830990985514,
    "support": 2088
  },
  "weighted avg": {
    "precision": 0.8680910932805064,
    "recall": 0.8663793103448276,
    "f1-score": 0.8659657874042836,
    "support": 2088
  }
}